{"cameraMode":{"drawMode":0,"name":"Shaded","section":"Shading Mode"},"sceneLighting":false,"audioPlay":false,"sceneViewState":{"m_AlwaysRefresh":false,"showFog":false,"showSkybox":false,"showFlares":false,"showImageEffects":false,"showParticleSystems":false,"showVisualEffectGraphs":true,"m_FxEnabled":true},"in2DMode":false,"pivot":{"x":-0.01798933744430542,"y":-0.20326709747314454,"z":-0.12000405788421631},"rotation":{"x":0.10434067249298096,"y":0.8893404006958008,"z":-0.3658908009529114,"w":0.2536184787750244},"size":0.5715839266777039,"orthographic":false}